Track Name,Artist,Album,Duration (ms)
Ya Bnayya,Omar Souleyman,"To Syria, With Love",409827
DIVA / بنت الذهبية,Saint Levant,Love Letters / رسائل حب,176431
Crystalline - Omar Souleyman Remix,"Björk, Omar Souleyman",Bastards,399080
What Took You So Long,"Armin van Buuren, Gryffin",What Took You So Long,211058
wacced out murals,Kendrick Lamar,GNX,317092
Old Scratch Blues,Jack White,No Name,211640
No Singles,"Wiz Khalifa, Big K.R.I.T., Girl Talk, Smoke DZA",Full Court Press,149905
Once Again,Girl Talk,Night Ripper,160106
Rituel des collines,Naïssam Jalal,Healing Rituals,272320
DALOONA,"Saint Levant, 47SOUL, Shadi Alborini, Qasem AlNajjar",DALOONA,170769
Rahat Al Chant Ymme,Omar Souleyman,Erbil,319066
Enssa El Aatab,"Omar Souleyman, Modeselektor",Bahdeni Nami,577629
"dodger blue (feat. wallie the sensei, siete7x, roddy ricch)","Kendrick Lamar, Wallie the Sensei, Siete7x, Roddy Ricch",GNX,131240
Almost Dawn,Nine Inch Nails,Ghosts VI: Locusts,334171
Big Daddy Wiz (feat. Girl Talk),"Wiz Khalifa, Girl Talk",Multiverse,131039
DENIAL IS A RIVER,Doechii,Alligator Bites Never Heal,159586
Balak,"zeyne, Saint Levant",Balak,184800
Lithonia,Childish Gambino,Bando Stone and The New World,178960
Very Few Friends,Saint Levant,Very Few Friends,132500
EXILE / معاكي,Saint Levant,EXILE / معاكي,248420
Take Me to the River,Lorde,Everyone's Getting Involved: A Tribute to Talking Heads' Stop Making Sense,264066
hey now (feat. dody6),"Kendrick Lamar, Dody6",GNX,217478
In Step,Girl Talk,Feed the Animals,203281
luther (with sza),"Kendrick Lamar, SZA",GNX,177598
Deira,"Saint Levant, MC Abdul",DEIRA,168911
Bahdeni Nami,"Omar Souleyman, Four Tet",Bahdeni Nami,482725
Rituel de la lune,Naïssam Jalal,Healing Rituals,591266
Galbi,Saint Levant,DEIRA,143529
tv off (feat. lefty gunplay),"Kendrick Lamar, Lefty Gunplay",GNX,220690
squabble up,Kendrick Lamar,GNX,157992
heart pt. 6,Kendrick Lamar,GNX,292461
Aerodynamic - Daft Punk Remix,Daft Punk,Daft Club,370986
SUN IS A HOLE SUN IS VAPORS,Godspeed You! Black Emperor,"“NO TITLE AS OF 13 FEBRUARY 2024 28,340 DEAD”",331673
Opposite People,"Newen Afrobeat, Seun Kuti",Newen Plays Fela,818842
5am in Paris,Saint Levant,DEIRA,129440
True Love,Jane's Addiction,True Love,223673
Opposite People Intro,Newen Afrobeat,Newen Plays Fela,62173
Put You On,"Wiz Khalifa, Big K.R.I.T., Girl Talk, Smoke DZA",Full Court Press,175945
Nunca Es Suficiente - En Vivo [Live at Carnegie Hall],Natalia Lafourcade,Natalia Lafourcade Live at Carnegie Hall,388720
All That Money Wants,The Psychedelic Furs,All Of This And Nothing,225626
Forgive Me,"Saint Levant, TIF",DEIRA,171367
Yal Harak Qalbe,Omar Souleyman,Erbil,236373
Warni Warni,Omar Souleyman,Wenu Wenu,412840
Rituel de la brume,Naïssam Jalal,Healing Rituals,249840
man at the garden,Kendrick Lamar,GNX,233173
gloria (with sza),"Kendrick Lamar, SZA",GNX,287522
Rituel de la fôret,Naïssam Jalal,Healing Rituals,229520
Bemba Colorá (feat. Gloria Estefan & Mimy Succar),"Sheila E., Gloria Estefan, Mimy Succar",Bailar,305333
Ectoplasm,"Ill Considered, Rob Lewis",Emergence,361756
"old body, new mind",Nemahsis,Verbathim,206666
Rituel du vent,Naïssam Jalal,Healing Rituals,373586
Ya Yumma,Omar Souleyman,Wenu Wenu,269133
On the Nature of Daylight,"Max Richter, Lorenz Dangel",Heard On Tour,396066
Alone,The Cure,Songs Of A Lost World,408690
Shi Tridin,Omar Souleyman,Shlon,408000
Wenu Wenu,Omar Souleyman,Wenu Wenu,420773
GEWALT GEWALT,Brutalismus 3000,ULTRAKUNST,243760
peekaboo (feat. azchike),"Kendrick Lamar, AZ Chike",GNX,155917
Rituel de la rivière,Naïssam Jalal,Healing Rituals,474373
Loose Lips,Kimya Dawson,Remember That I Love You,147986
"gnx (feat. hitta j3, youngthreat, peysoh)","Kendrick Lamar, Hitta J3, YoungThreat, Peysoh",GNX,193539
Rituel de la terre,Naïssam Jalal,Healing Rituals,329960
Upside Down,Newen Afrobeat,Newen Plays Fela,666382
reincarnated,Kendrick Lamar,GNX,275740
Vortex,John Carpenter,Lost Themes,284640
Rituel du soleil,Naïssam Jalal,Healing Rituals,366880
WAZIRA / وزيرة,Saint Levant,WAZIRA / وزيرة,164000
God Particle,"Rachel Eckroth, John Hadfield",Speaking in Tongues,252706
Jeanne D'Arc,"Rachel Eckroth, John Hadfield",Speaking in Tongues,212933
Blood Moon,"Rachel Eckroth, John Hadfield",Speaking in Tongues,319320
The Gospel Of,"Rachel Eckroth, John Hadfield",Speaking in Tongues,244040
Sanctus,"Rachel Eckroth, John Hadfield",Speaking in Tongues,306706
Andromeda,"Rachel Eckroth, John Hadfield",Speaking in Tongues,307293
The Jesus Side,"Rachel Eckroth, John Hadfield",Speaking in Tongues,258493
Speaking In Tongues,"Rachel Eckroth, John Hadfield",Speaking in Tongues,295213
Phase And Libration Part 1,"Rachel Eckroth, John Hadfield",Speaking in Tongues,210133
Phase and Libration Part 2,"Rachel Eckroth, John Hadfield",Speaking in Tongues,293853
Manning Fireworks,MJ Lenderman,Manning Fireworks,179733
Joker Lips,MJ Lenderman,Manning Fireworks,181040
Rudolph,MJ Lenderman,Manning Fireworks,211026
Wristwatch,MJ Lenderman,Manning Fireworks,222453
She's Leaving You,MJ Lenderman,Manning Fireworks,278226
Rip Torn,MJ Lenderman,Manning Fireworks,212400
You Don't Know The Shape I'm In,MJ Lenderman,Manning Fireworks,216426
On My Knees,MJ Lenderman,Manning Fireworks,232066
Bark At The Moon,MJ Lenderman,Manning Fireworks,600893
He Sentido Amor,Amaya Hnos,He Sentido Amor,235154
Lejos de Ti,Amaya Hnos,Lejos de Ti,241319
Amame,Amaya Hnos,Lejos de Ti,218174
Debo Ser una Idiota,Amaya Hnos,Debo Ser una Idiota,237746
A Traves del Vaso,Amaya Hnos,Cómo Te Atreves,242808
Dos en Uno,Amaya Hnos,Lejos de Ti,245655
Y Siempre,Amaya Hnos,17 Años,208097
Triste Me Voy,Amaya Hnos,He Sentido Amor,236800
Por Culpa de Mi Orgullo,Amaya Hnos,Por Culpa de Mi Orgullo,236382
Te Olvidare,Amaya Hnos,Por Culpa de Mi Orgullo,181942
Disease,Lady Gaga,MAYHEM,229997
Abracadabra,Lady Gaga,MAYHEM,223398
Garden Of Eden,Lady Gaga,MAYHEM,239720
Perfect Celebrity,Lady Gaga,MAYHEM,229252
Vanish Into You,Lady Gaga,MAYHEM,244915
Killah (feat. Gesaffelstein),"Lady Gaga, Gesaffelstein",MAYHEM,210651
Zombieboy,Lady Gaga,MAYHEM,213337
LoveDrug,Lady Gaga,MAYHEM,193232
How Bad Do U Want Me,Lady Gaga,MAYHEM,238886
Don't Call Tonight,Lady Gaga,MAYHEM,225804
Shadow Of A Man,Lady Gaga,MAYHEM,199723
The Beast,Lady Gaga,MAYHEM,234280
Blade Of Grass,Lady Gaga,MAYHEM,257006
Die With A Smile,"Lady Gaga, Bruno Mars",MAYHEM,251667
American Idiot,Green Day,American Idiot,176346
Basket Case,Green Day,Dookie,181533
Good Riddance (Time of Your Life),Green Day,Nimrod,153466
Boulevard of Broken Dreams,Green Day,American Idiot (20th Anniversary Deluxe Edition),260936
Wake Me up When September Ends,Green Day,American Idiot,285653
When I Come Around,Green Day,Dookie,178000
Brain Stew,Green Day,Insomniac,193000
Holiday,Green Day,American Idiot (20th Anniversary Deluxe Edition),232826
21 Guns,Green Day,21st Century Breakdown,321093
Last Night on Earth,Green Day,21st Century Breakdown,236533
Wrong Ones (Feat. Tim McGraw),"Post Malone, Tim McGraw",F-1 Trillion,195822
Finer Things (Feat. Hank Williams Jr.),"Post Malone, Hank Williams, Jr.",F-1 Trillion,185533
I Had Some Help (Feat. Morgan Wallen),"Post Malone, Morgan Wallen",F-1 Trillion,178205
Pour Me A Drink (Feat. Blake Shelton),"Post Malone, Blake Shelton",F-1 Trillion,195122
Have The Heart (Feat. Dolly Parton),"Post Malone, Dolly Parton",F-1 Trillion,183333
What Don't Belong To Me,Post Malone,F-1 Trillion,207176
Goes Without Saying (Feat. Brad Paisley),"Post Malone, Brad Paisley",F-1 Trillion,212353
Guy For That (Feat. Luke Combs),"Post Malone, Luke Combs",F-1 Trillion,164011
Nosedive (Feat. Lainey Wilson),"Post Malone, Lainey Wilson",F-1 Trillion,192459
Losers (Feat. Jelly Roll),"Post Malone, Jelly Roll",F-1 Trillion,209038
Devil I've Been (Feat. ERNEST),"Post Malone, ERNEST",F-1 Trillion,182924
Never Love You Again (Feat. Sierra Ferrell),"Post Malone, Sierra Ferrell",F-1 Trillion,186861
Missin’ You Like This (Feat. Luke Combs),"Post Malone, Luke Combs",F-1 Trillion,222781
California Sober (Feat. Chris Stapleton),"Post Malone, Chris Stapleton",F-1 Trillion,204411
Hide My Gun (Feat. HARDY),"Post Malone, HARDY",F-1 Trillion,220479
Right About You,Post Malone,F-1 Trillion,183046
M-E-X-I-C-O (Feat. Billy Strings),"Post Malone, Billy Strings",F-1 Trillion,155928
Yours,Post Malone,F-1 Trillion,199438
FE!N (feat. Playboi Carti),"Travis Scott, Playboi Carti",UTOPIA,191700
CRUSH (with Travis Scott),"Playboi Carti, Travis Scott",MUSIC,173320
goosebumps,Travis Scott,Birds In The Trap Sing McKnight,243836
Open Arms (feat. Travis Scott),"SZA, Travis Scott",SOS,239613
PHILLY (with Travis Scott),"Playboi Carti, Travis Scott",MUSIC,185706
Type Shit,"Future, Metro Boomin, Travis Scott, Playboi Carti",WE DON'T TRUST YOU,228266
HIGHEST IN THE ROOM,Travis Scott,HIGHEST IN THE ROOM,175720
4X4,Travis Scott,4X4,190581
WAKE UP F1LTHY (with Travis Scott),"Playboi Carti, Travis Scott",MUSIC,169333
SICKO MODE,Travis Scott,ASTROWORLD,312820
"Outstanding - Original 12"" Mix",The Gap Band,"The 12"" Collection And More (Funk Essentials)",375400
Outstanding,The Gap Band,The Gap Band IV,198800
You Dropped A Bomb On Me,The Gap Band,The Gap Band IV,312906
Yearning For Your Love,The Gap Band,The Gap Band III,340933
Burn Rubber On Me (Why You Wanna Hurt Me),The Gap Band,Greatest Hits,252306
Early In The Morning,The Gap Band,The Gap Band IV,390000
"I Don't Believe You Want To Get Up And Dance (Oops, Up Side Your Head)",The Gap Band,Greatest Hits,211066
"Early In The Morning - 12"" Version",The Gap Band,"The 12"" Collection And More (Funk Essentials)",456733
Party Train,The Gap Band,The Gap Band V - Jammin' (Deluxe Edition),347253
I Don't Believe You Want To Get Up And Dance (Oops Up Side Your Head),The Gap Band,The Gap Band II,522666
"Gnossiennes: No. 2, Avec étonnement","Erik Satie, Bruce Liu",WAVES (Music by Satie),127133
"Nocturnes, Op. 48: No. 2 in F Sharp Minor. Andantino","Frédéric Chopin, Jan Lisiecki",Chopin: Complete Nocturnes,575373
Fratres,"Arvo Pärt, Gidon Kremer, Keith Jarrett","Arvo Pärt: Tabula Rasa, Fratres, Cantus in memoriam Benjamin Britten",688413
Organum,Max Richter,The Blue Notebooks (15 Years),193480
String Quartet No. 5: V.,"Philip Glass, Kronos Quartet",Kronos Quartet Performs Philip Glass,461200
"24 Préludes, Op. 28: No. 8 in F-Sharp Minor. Molto agitato","Frédéric Chopin, Maurizio Pollini",Chopin: Preludes Op.28,104400
"Cello Concerto in E Minor, Op. 85: I. Adagio - Moderato - Recording Session / Excerpt","Edward Elgar, Sophie Kauer, London Symphony Orchestra, Natalie Murray Beale",TÁR (MUSIC FROM AND INSPIRED BY THE MOTION PICTURE),224973
"Beethoven: Piano Sonata No. 14 in C-Sharp Minor, Op. 27 No. 2 ""Moonlight"": I. Adagio sostenuto","Ludwig van Beethoven, Daniel Barenboim","Beethoven: Piano Sonatas Nos. 8 ""Pathétique"", 14 ""Moonlight"" & 23 ""Appassionata""",428653
"Beethoven: Piano Sonata No. 14 in C-Sharp Minor, Op. 27 No. 2 ""Moonlight"": II. Allegretto","Ludwig van Beethoven, Daniel Barenboim","Beethoven: Piano Sonatas Nos. 8 ""Pathétique"", 14 ""Moonlight"" & 23 ""Appassionata""",145200
"Beethoven: Piano Sonata No. 14 in C-Sharp Minor, Op. 27 No. 2 ""Moonlight"": III. Presto agitato","Ludwig van Beethoven, Daniel Barenboim","Beethoven: Piano Sonatas Nos. 8 ""Pathétique"", 14 ""Moonlight"" & 23 ""Appassionata""",465706
"Beethoven: Piano Sonata No. 8 in C Minor, Op. 13 ""Pathétique"": I. Grave - Allegro di molto e con brio","Ludwig van Beethoven, Daniel Barenboim","Beethoven: Piano Sonatas Nos. 8 ""Pathétique"", 14 ""Moonlight"" & 23 ""Appassionata""",581800
"Beethoven: Piano Sonata No. 8 in C Minor, Op. 13 ""Pathétique"": II. Adagio cantabile","Ludwig van Beethoven, Daniel Barenboim","Beethoven: Piano Sonatas Nos. 8 ""Pathétique"", 14 ""Moonlight"" & 23 ""Appassionata""",351373
"Beethoven: Piano Sonata No. 8 in C Minor, Op. 13 ""Pathétique"": III. Rondo. Allegro","Ludwig van Beethoven, Daniel Barenboim","Beethoven: Piano Sonatas Nos. 8 ""Pathétique"", 14 ""Moonlight"" & 23 ""Appassionata""",294040
"Beethoven: Piano Sonata No. 23 in F Minor, Op. 57 ""Appassionata"": I. Allegro assai","Ludwig van Beethoven, Daniel Barenboim","Beethoven: Piano Sonatas Nos. 8 ""Pathétique"", 14 ""Moonlight"" & 23 ""Appassionata""",640093
"Beethoven: Piano Sonata No. 23 in F Minor, Op. 57 ""Appassionata"": II. Andante con moto","Ludwig van Beethoven, Daniel Barenboim","Beethoven: Piano Sonatas Nos. 8 ""Pathétique"", 14 ""Moonlight"" & 23 ""Appassionata""",484840
"Beethoven: Piano Sonata No. 23 in F Minor, Op. 57 ""Appassionata"": III. Allegro ma non troppo - Presto","Ludwig van Beethoven, Daniel Barenboim","Beethoven: Piano Sonatas Nos. 8 ""Pathétique"", 14 ""Moonlight"" & 23 ""Appassionata""",325666
"Brahms: Symphony No. 1 in C Minor, Op. 68: I. Un poco sostenuto - Allegro","Johannes Brahms, Sir Simon Rattle, Berliner Philharmoniker",Brahms: The Symphonies,839413
"Tchaikovsky: The Nutcracker, Op. 71, Act 2: No. 14a, Pas de deux. Andante maestoso","Pyotr Ilyich Tchaikovsky, Sir Simon Rattle, Berliner Philharmoniker",Tchaikovsky: The Nutcracker,306533
They Will Shade Us With Their Wings,Max Richter,In A Landscape,513328
Life Study I,Max Richter,In A Landscape,46462
A Colour Field (Holocene),Max Richter,In A Landscape,145642
Life Study II,Max Richter,In A Landscape,84305
And Some Will Fall,Max Richter,In A Landscape,484392
Life Study III,Max Richter,In A Landscape,64661
The Poetry of Earth (Geophony),Max Richter,In A Landscape,238167
Life Study IV,Max Richter,In A Landscape,31550
Only Silent Words,Max Richter,In A Landscape,136329
Life Study V,Max Richter,In A Landscape,30647
Late and Soon,Max Richter,In A Landscape,430613
Life Study VI,Max Richter,In A Landscape,41099
Andante,Max Richter,In A Landscape,153170
Life Study VII,Max Richter,In A Landscape,61632
A Time Mirror (Biophony),Max Richter,In A Landscape,238927
Life Study VIII,Max Richter,In A Landscape,42818
Love Song (After JE),Max Richter,In A Landscape,339198
Life Study IX,Max Richter,In A Landscape,52475
"Movement, Before All Flowers",Max Richter,In A Landscape,257532
And Some Will Fall - Edit,Max Richter,In A Landscape,251642
The Poetry of Earth (Geophony) - Edit,Max Richter,In A Landscape,219494
Late and Soon - Edit,Max Richter,In A Landscape,199701
Love Song (After JE) - Edit,Max Richter,In A Landscape,281385
"Movement, Before All Flowers - Edit",Max Richter,In A Landscape,219477
